instance_id,repo,mode,elapsed_ms,cached_tokens,output_chars,lossy_match_reason,matched_content_signature,codebase_prefetch_hint_count,codebase_prefetch_text_count,codebase_prefetch_queued_tokens,codebase_prefetch_matched_tokens,codebase_prefetch_success_count,codebase_prefetch_device_hit_count,agenttemplatekv_prefetch_hit_count,agenttemplatekv_prefetch_miss_count,agenttemplatekv_prefetch_protected_tokens,agenttemplatekv_prefetch_newly_protected_tokens,agenttemplatekv_prefetch_consumed_count,agenttemplatekv_prefetch_expired_tokens,agenttemplatekv_rejected_large_gap_count,request_start_ms,output_exact_match_vs_baseline,output_token_f1_vs_baseline
astropy__astropy-12907,astropy/astropy,baseline_prefix_cache_only,720.52,10547,131,,,0,0,0,0,0,0,0,0,0,0,0,0,0,1067537220.71,True,1.0
astropy__astropy-12907,astropy/astropy,kvflow_prefix_only,924.21,10547,179,,,0,0,0,0,0,0,0,0,0,0,0,0,0,1067537941.35,False,0.0
astropy__astropy-12907,astropy/astropy,kvflow_prefix_plus_codebase_prefetch,2168.48,10550,475,,,2,2,0,0,0,0,0,0,0,0,0,0,0,1067538866.0,False,0.0
astropy__astropy-12907,astropy/astropy,kvcomm_lossy_plus_codebase_prefetch,2285.69,10548,468,exact_code_content_signature,43b875af6787468bd882a08171a25d62,2,2,0,0,0,0,0,0,9418,9418,0,0,0,1067541089.66,False,0.0
astropy__astropy-13033,astropy/astropy,baseline_prefix_cache_only,1534.34,10727,320,,,0,0,0,0,0,0,0,0,0,0,0,0,0,1067546428.74,True,1.0
astropy__astropy-13033,astropy/astropy,kvflow_prefix_only,1530.09,10727,320,,,0,0,0,0,0,0,0,0,0,0,0,0,0,1067547963.19,True,1.0
astropy__astropy-13033,astropy/astropy,kvflow_prefix_plus_codebase_prefetch,1532.74,10730,320,,,2,2,0,0,0,0,0,0,0,0,0,0,0,1067549493.72,True,1.0
astropy__astropy-13033,astropy/astropy,kvcomm_lossy_plus_codebase_prefetch,1542.18,10728,320,exact_code_content_signature,33d2b9feb242a53f,2,2,0,0,0,0,0,0,9424,9424,0,0,0,1067551080.52,True,1.0
astropy__astropy-13236,astropy/astropy,baseline_prefix_cache_only,2285.27,11532,505,,,0,0,0,0,0,0,0,0,0,0,0,0,0,1067555771.65,True,1.0
astropy__astropy-13236,astropy/astropy,kvflow_prefix_only,2281.77,11532,512,,,0,0,0,0,0,0,0,0,0,0,0,0,0,1067558057.02,False,0.8264
astropy__astropy-13236,astropy/astropy,kvflow_prefix_plus_codebase_prefetch,2282.07,11535,498,,,2,2,0,0,0,0,0,0,0,0,0,0,0,1067560339.24,False,0.9194
astropy__astropy-13236,astropy/astropy,kvcomm_lossy_plus_codebase_prefetch,2293.68,11533,510,exact_code_content_signature,c6fabac696de5ead820754bffe2ee5e8,2,2,0,0,0,0,0,0,9432,9432,0,0,0,1067562677.4,False,0.7667
astropy__astropy-13398,astropy/astropy,baseline_prefix_cache_only,2299.33,13240,431,,,0,0,0,0,0,0,0,0,0,0,0,0,0,1067568495.64,True,1.0
astropy__astropy-13398,astropy/astropy,kvflow_prefix_only,1130.99,13240,215,,,0,0,0,0,0,0,0,0,0,0,0,0,0,1067570795.06,False,0.0833
astropy__astropy-13398,astropy/astropy,kvflow_prefix_plus_codebase_prefetch,1446.16,13243,293,,,2,2,0,0,0,0,0,0,0,0,0,0,0,1067571926.5,False,0.0
astropy__astropy-13398,astropy/astropy,kvcomm_lossy_plus_codebase_prefetch,1907.42,13241,382,exact_code_content_signature,587e84b6ee4dafc2b2b60963af2370d7,2,2,0,0,0,0,0,0,9430,9430,0,0,0,1067573429.65,False,0.0702
astropy__astropy-13453,astropy/astropy,baseline_prefix_cache_only,2105.34,12492,410,,,0,0,0,0,0,0,0,0,0,0,0,0,0,1067578799.06,True,1.0
astropy__astropy-13453,astropy/astropy,kvflow_prefix_only,2159.57,12492,449,,,0,0,0,0,0,0,0,0,0,0,0,0,0,1067580904.51,False,0.8116
astropy__astropy-13453,astropy/astropy,kvflow_prefix_plus_codebase_prefetch,2295.05,12495,466,,,2,2,0,0,0,0,0,0,0,0,0,0,0,1067583064.52,False,0.7246
astropy__astropy-13453,astropy/astropy,kvcomm_lossy_plus_codebase_prefetch,2299.99,12493,461,exact_code_content_signature,587e84b6ee4dafc2b2b60963af2370d7,2,2,0,0,0,0,0,0,9430,9430,0,0,0,1067585415.46,False,0.7222
astropy__astropy-13579,astropy/astropy,baseline_prefix_cache_only,2287.95,11808,390,,,0,0,0,0,0,0,0,0,0,0,0,0,0,1067591095.12,True,1.0
astropy__astropy-13579,astropy/astropy,kvflow_prefix_only,2296.36,11808,390,,,0,0,0,0,0,0,0,0,0,0,0,0,0,1067593383.18,True,1.0
astropy__astropy-13579,astropy/astropy,kvflow_prefix_plus_codebase_prefetch,2282.4,11811,390,,,2,2,0,0,0,0,0,0,0,0,0,0,0,1067595679.99,True,1.0
astropy__astropy-13579,astropy/astropy,kvcomm_lossy_plus_codebase_prefetch,2293.77,11809,390,exact_code_content_signature,587e84b6ee4dafc2b2b60963af2370d7,2,2,0,0,0,0,0,0,9430,9430,0,0,0,1067598019.07,True,1.0
astropy__astropy-13977,astropy/astropy,baseline_prefix_cache_only,1186.07,12895,243,,,0,0,0,0,0,0,0,0,0,0,0,0,0,1067603734.39,True,1.0
astropy__astropy-13977,astropy/astropy,kvflow_prefix_only,1186.8,12895,243,,,0,0,0,0,0,0,0,0,0,0,0,0,0,1067604920.57,True,1.0
astropy__astropy-13977,astropy/astropy,kvflow_prefix_plus_codebase_prefetch,1186.35,12898,243,,,2,2,0,0,0,0,0,0,0,0,0,0,0,1067606107.82,True,1.0
astropy__astropy-13977,astropy/astropy,kvcomm_lossy_plus_codebase_prefetch,1188.94,12896,243,exact_code_content_signature,4ca549c20d697189c6c174faae87abcd,2,2,0,0,0,0,0,0,9479,9479,0,0,0,1067607352.06,True,1.0
astropy__astropy-14096,astropy/astropy,baseline_prefix_cache_only,960.06,10393,215,,,0,0,0,0,0,0,0,0,0,0,0,0,0,1067611760.63,True,1.0
astropy__astropy-14096,astropy/astropy,kvflow_prefix_only,939.59,10393,188,,,0,0,0,0,0,0,0,0,0,0,0,0,0,1067612720.8,False,0.0
astropy__astropy-14096,astropy/astropy,kvflow_prefix_plus_codebase_prefetch,957.51,10396,215,,,2,2,0,0,0,0,0,0,0,0,0,0,0,1067613660.84,True,1.0
astropy__astropy-14096,astropy/astropy,kvcomm_lossy_plus_codebase_prefetch,953.22,10394,215,exact_code_content_signature,4ca549c20d697189c6c174faae87abcd,2,2,0,0,0,0,0,0,9479,9479,0,0,0,1067614671.28,True,1.0
astropy__astropy-14182,astropy/astropy,baseline_prefix_cache_only,928.8,10766,209,,,0,0,0,0,0,0,0,0,0,0,0,0,0,1067618891.99,True,1.0
astropy__astropy-14182,astropy/astropy,kvflow_prefix_only,928.63,10766,209,,,0,0,0,0,0,0,0,0,0,0,0,0,0,1067619820.89,True,1.0
astropy__astropy-14182,astropy/astropy,kvflow_prefix_plus_codebase_prefetch,1067.77,10769,238,,,2,2,0,0,0,0,0,0,0,0,0,0,0,1067620749.77,False,0.4667
astropy__astropy-14182,astropy/astropy,kvcomm_lossy_plus_codebase_prefetch,1055.06,10767,236,exact_code_content_signature,4ca549c20d697189c6c174faae87abcd,2,2,0,0,0,0,0,0,9479,9479,0,0,0,1067621875.09,False,0.4667
astropy__astropy-14309,astropy/astropy,baseline_prefix_cache_only,1812.89,11476,298,,,0,0,0,0,0,0,0,0,0,0,0,0,0,1067626250.19,True,1.0
astropy__astropy-14309,astropy/astropy,kvflow_prefix_only,1503.83,11476,256,,,0,0,0,0,0,0,0,0,0,0,0,0,0,1067628063.18,False,0.64
astropy__astropy-14309,astropy/astropy,kvflow_prefix_plus_codebase_prefetch,1817.74,11479,298,,,2,2,0,0,0,0,0,0,0,0,0,0,0,1067629567.46,True,1.0
astropy__astropy-14309,astropy/astropy,kvcomm_lossy_plus_codebase_prefetch,1824.82,11477,298,exact_code_content_signature,557e8a601623caeb6af9688e9bb820c8,2,2,0,0,0,0,0,0,9490,9490,0,0,0,1067631445.29,True,1.0
astropy__astropy-14365,astropy/astropy,baseline_prefix_cache_only,1432.05,10755,257,,,0,0,0,0,0,0,0,0,0,0,0,0,0,1067636459.77,True,1.0
astropy__astropy-14365,astropy/astropy,kvflow_prefix_only,1410.26,10755,257,,,0,0,0,0,0,0,0,0,0,0,0,0,0,1067637891.95,False,0.9412
astropy__astropy-14365,astropy/astropy,kvflow_prefix_plus_codebase_prefetch,1345.68,10758,244,,,2,2,0,0,0,0,0,0,0,0,0,0,0,1067639302.65,False,0.875
astropy__astropy-14365,astropy/astropy,kvcomm_lossy_plus_codebase_prefetch,1438.22,10756,257,exact_code_content_signature,557e8a601623caeb6af9688e9bb820c8,2,2,0,0,0,0,0,0,9490,9490,0,0,0,1067640707.58,True,1.0
astropy__astropy-14369,astropy/astropy,baseline_prefix_cache_only,1134.81,11146,152,,,0,0,0,0,0,0,0,0,0,0,0,0,0,1067645428.29,True,1.0
astropy__astropy-14369,astropy/astropy,kvflow_prefix_only,1136.33,11146,152,,,0,0,0,0,0,0,0,0,0,0,0,0,0,1067646563.2,True,1.0
astropy__astropy-14369,astropy/astropy,kvflow_prefix_plus_codebase_prefetch,1139.92,11149,152,,,2,2,0,0,0,0,0,0,0,0,0,0,0,1067647699.97,True,1.0
astropy__astropy-14369,astropy/astropy,kvcomm_lossy_plus_codebase_prefetch,1142.46,11147,152,exact_code_content_signature,557e8a601623caeb6af9688e9bb820c8,2,2,0,0,0,0,0,0,9490,9490,0,0,0,1067648897.15,True,1.0
astropy__astropy-14508,astropy/astropy,baseline_prefix_cache_only,1430.49,11088,223,,,0,0,0,0,0,0,0,0,0,0,0,0,0,1067653290.67,True,1.0
astropy__astropy-14508,astropy/astropy,kvflow_prefix_only,1430.49,11088,223,,,0,0,0,0,0,0,0,0,0,0,0,0,0,1067654721.26,True,1.0
astropy__astropy-14508,astropy/astropy,kvflow_prefix_plus_codebase_prefetch,1431.35,11091,223,,,2,2,0,0,0,0,0,0,0,0,0,0,0,1067656152.22,True,1.0
astropy__astropy-14508,astropy/astropy,kvcomm_lossy_plus_codebase_prefetch,1438.43,11089,223,exact_code_content_signature,557e8a601623caeb6af9688e9bb820c8,2,2,0,0,0,0,0,0,9490,9490,0,0,0,1067657642.54,True,1.0
astropy__astropy-14539,astropy/astropy,baseline_prefix_cache_only,2288.26,11658,504,,,0,0,0,0,0,0,0,0,0,0,0,0,0,1067662433.2,True,1.0
astropy__astropy-14539,astropy/astropy,kvflow_prefix_only,2283.9,11658,434,,,0,0,0,0,0,0,0,0,0,0,0,0,0,1067664721.56,False,0.2909
astropy__astropy-14539,astropy/astropy,kvflow_prefix_plus_codebase_prefetch,2279.3,11661,434,,,2,2,0,0,0,0,0,0,0,0,0,0,0,1067667005.9,False,0.2909
astropy__astropy-14539,astropy/astropy,kvcomm_lossy_plus_codebase_prefetch,2290.34,11659,434,exact_code_content_signature,557e8a601623caeb6af9688e9bb820c8,2,2,0,0,0,0,0,0,9490,9490,0,0,0,1067669343.23,False,0.2909
astropy__astropy-14598,astropy/astropy,baseline_prefix_cache_only,1205.3,10966,206,,,0,0,0,0,0,0,0,0,0,0,0,0,0,1067674875.96,True,1.0
astropy__astropy-14598,astropy/astropy,kvflow_prefix_only,1153.87,10966,200,,,0,0,0,0,0,0,0,0,0,0,0,0,0,1067676081.37,False,0.9444
astropy__astropy-14598,astropy/astropy,kvflow_prefix_plus_codebase_prefetch,1209.57,10969,205,,,2,2,0,0,0,0,0,0,0,0,0,0,0,1067677235.68,False,0.9444
astropy__astropy-14598,astropy/astropy,kvcomm_lossy_plus_codebase_prefetch,1304.93,10967,216,exact_code_content_signature,557e8a601623caeb6af9688e9bb820c8,2,2,0,0,0,0,0,0,9490,9490,0,0,0,1067678486.52,False,0.65
django__django-10097,django/django,baseline_prefix_cache_only,2149.88,17295,367,,,0,0,0,0,0,0,0,0,0,0,0,0,0,1067683749.77,True,1.0
django__django-10097,django/django,kvflow_prefix_only,1495.54,17295,308,,,0,0,0,0,0,0,0,0,0,0,0,0,0,1067685899.79,False,0.075
django__django-10097,django/django,kvflow_prefix_plus_codebase_prefetch,2154.25,17298,367,,,2,2,0,0,0,0,0,0,0,0,0,0,0,1067687395.81,True,1.0
django__django-10097,django/django,kvcomm_lossy_plus_codebase_prefetch,2042.82,17296,420,exact_code_content_signature,19202dd28085e9f7,2,2,0,0,0,0,0,0,8999,8999,0,0,0,1067689616.94,False,0.3636
django__django-10554,django/django,baseline_prefix_cache_only,1495.67,10700,297,,,0,0,0,0,0,0,0,0,0,0,0,0,0,1067694690.99,True,1.0
django__django-10554,django/django,kvflow_prefix_only,1309.29,10700,248,,,0,0,0,0,0,0,0,0,0,0,0,0,0,1067696186.77,False,0.8372
django__django-10554,django/django,kvflow_prefix_plus_codebase_prefetch,1309.61,10703,248,,,2,2,0,0,0,0,0,0,0,0,0,0,0,1067697496.49,False,0.8372
django__django-10554,django/django,kvcomm_lossy_plus_codebase_prefetch,1316.09,10701,248,exact_code_content_signature,38223b7db5b04e545e691cb56cb03968,2,2,0,0,0,0,0,0,8941,8941,0,0,0,1067698870.04,False,0.8372
django__django-10880,django/django,baseline_prefix_cache_only,925.01,9661,150,,,0,0,0,0,0,0,0,0,0,0,0,0,0,1067703118.98,True,1.0
django__django-10880,django/django,kvflow_prefix_only,962.92,9661,168,,,0,0,0,0,0,0,0,0,0,0,0,0,0,1067704044.11,False,0.8387
django__django-10880,django/django,kvflow_prefix_plus_codebase_prefetch,1235.55,9664,217,,,2,2,0,0,0,0,0,0,0,0,0,0,0,1067705007.46,False,0.8125
django__django-10880,django/django,kvcomm_lossy_plus_codebase_prefetch,980.94,9662,175,exact_code_content_signature,50c69d550283d00621950a6c5aa89e16,2,2,0,0,0,0,0,0,9010,9010,0,0,0,1067706311.55,False,0.8667
django__django-10914,django/django,baseline_prefix_cache_only,1008.24,9720,247,,,0,0,0,0,0,0,0,0,0,0,0,0,0,1067710471.14,True,1.0
django__django-10914,django/django,kvflow_prefix_only,1011.67,9720,247,,,0,0,0,0,0,0,0,0,0,0,0,0,0,1067711479.5,True,1.0
django__django-10914,django/django,kvflow_prefix_plus_codebase_prefetch,768.67,9723,165,,,2,2,0,0,0,0,0,0,0,0,0,0,0,1067712491.63,False,0.3333
django__django-10914,django/django,kvcomm_lossy_plus_codebase_prefetch,774.0,9721,165,exact_code_content_signature,871e01c4e87af887,2,2,0,0,0,0,0,0,9017,9017,0,0,0,1067713334.99,False,0.3333
django__django-10973,django/django,baseline_prefix_cache_only,2269.13,10568,457,,,0,0,0,0,0,0,0,0,0,0,0,0,0,1067717429.49,True,1.0
django__django-10973,django/django,kvflow_prefix_only,2279.51,10568,457,,,0,0,0,0,0,0,0,0,0,0,0,0,0,1067719698.74,True,1.0
django__django-10973,django/django,kvflow_prefix_plus_codebase_prefetch,2277.16,10571,460,,,2,2,0,0,0,0,0,0,0,0,0,0,0,1067721978.7,False,0.7761
django__django-10973,django/django,kvcomm_lossy_plus_codebase_prefetch,2259.77,10569,460,exact_code_content_signature,871e01c4e87af887,2,2,0,0,0,0,0,0,9017,9017,0,0,0,1067724345.49,False,0.75
django__django-10999,django/django,baseline_prefix_cache_only,1298.82,9895,163,,,0,0,0,0,0,0,0,0,0,0,0,0,0,1067729778.52,True,1.0
django__django-10999,django/django,kvflow_prefix_only,1342.91,9895,162,,,0,0,0,0,0,0,0,0,0,0,0,0,0,1067731077.46,False,0.0
django__django-10999,django/django,kvflow_prefix_plus_codebase_prefetch,2269.25,9898,393,,,2,2,0,0,0,0,0,0,0,0,0,0,0,1067732420.83,False,0.0
django__django-10999,django/django,kvcomm_lossy_plus_codebase_prefetch,2254.91,9896,274,exact_code_content_signature,871e01c4e87af887,2,2,0,0,0,0,0,0,9017,9017,0,0,0,1067734774.53,False,0.0
django__django-11066,django/django,baseline_prefix_cache_only,1222.74,10182,246,,,0,0,0,0,0,0,0,0,0,0,0,0,0,1067739996.9,True,1.0
django__django-11066,django/django,kvflow_prefix_only,1217.02,10182,246,,,0,0,0,0,0,0,0,0,0,0,0,0,0,1067741219.77,True,1.0
django__django-11066,django/django,kvflow_prefix_plus_codebase_prefetch,1216.45,10185,246,,,2,2,0,0,0,0,0,0,0,0,0,0,0,1067742437.25,True,1.0
django__django-11066,django/django,kvcomm_lossy_plus_codebase_prefetch,1208.92,10183,246,exact_code_content_signature,38223b7db5b04e545e691cb56cb03968,2,2,0,0,0,0,0,0,8941,8941,0,0,0,1067743715.83,True,1.0
django__django-11087,django/django,baseline_prefix_cache_only,1166.62,12554,217,,,0,0,0,0,0,0,0,0,0,0,0,0,0,1067748322.3,True,1.0
django__django-11087,django/django,kvflow_prefix_only,1165.8,12554,247,,,0,0,0,0,0,0,0,0,0,0,0,0,0,1067749489.04,False,1.0
django__django-11087,django/django,kvflow_prefix_plus_codebase_prefetch,1106.0,12557,235,,,2,2,0,0,0,0,0,0,0,0,0,0,0,1067750655.31,False,0.9444
django__django-11087,django/django,kvcomm_lossy_plus_codebase_prefetch,1295.99,12555,254,exact_code_content_signature,38223b7db5b04e545e691cb56cb03968,2,2,0,0,0,0,0,0,8941,8941,0,0,0,1067751829.22,False,0.7222
django__django-11095,django/django,baseline_prefix_cache_only,1302.06,9734,285,,,0,0,0,0,0,0,0,0,0,0,0,0,0,1067756329.51,True,1.0
django__django-11095,django/django,kvflow_prefix_only,2146.08,9734,484,,,0,0,0,0,0,0,0,0,0,0,0,0,0,1067757631.67,False,0.4
django__django-11095,django/django,kvflow_prefix_plus_codebase_prefetch,2268.75,9737,490,,,2,2,0,0,0,0,0,0,0,0,0,0,0,1067759778.19,False,0.0816
django__django-11095,django/django,kvcomm_lossy_plus_codebase_prefetch,1298.72,9735,285,exact_code_content_signature,38223b7db5b04e545e691cb56cb03968,2,2,0,0,0,0,0,0,8941,8941,0,0,0,1067762114.19,True,1.0
django__django-11099,django/django,baseline_prefix_cache_only,836.65,9833,116,,,0,0,0,0,0,0,0,0,0,0,0,0,0,1067766664.3,True,1.0
django__django-11099,django/django,kvflow_prefix_only,837.05,9833,116,,,0,0,0,0,0,0,0,0,0,0,0,0,0,1067767501.03,True,1.0
django__django-11099,django/django,kvflow_prefix_plus_codebase_prefetch,837.63,9836,116,,,2,2,0,0,0,0,0,0,0,0,0,0,0,1067768338.53,True,1.0
django__django-11099,django/django,kvcomm_lossy_plus_codebase_prefetch,839.66,9834,116,exact_code_content_signature,9f785cb47ad6b36006e3f299b430c92a,2,2,0,0,0,0,0,0,9004,9004,0,0,0,1067769264.62,True,1.0
django__django-11119,django/django,baseline_prefix_cache_only,1129.85,9515,254,,,0,0,0,0,0,0,0,0,0,0,0,0,0,1067773295.12,True,1.0
django__django-11119,django/django,kvflow_prefix_only,1122.54,9515,254,,,0,0,0,0,0,0,0,0,0,0,0,0,0,1067774425.08,True,1.0
django__django-11119,django/django,kvflow_prefix_plus_codebase_prefetch,1981.23,9518,469,,,2,2,0,0,0,0,0,0,0,0,0,0,0,1067775548.06,False,0.4103
django__django-11119,django/django,kvcomm_lossy_plus_codebase_prefetch,1135.08,9516,246,exact_code_content_signature,9f785cb47ad6b36006e3f299b430c92a,2,2,0,0,0,0,0,0,8941,8941,0,0,0,1067777592.97,False,0.6667
django__django-11133,django/django,baseline_prefix_cache_only,811.12,9629,199,,,0,0,0,0,0,0,0,0,0,0,0,0,0,1067781890.3,True,1.0
django__django-11133,django/django,kvflow_prefix_only,804.6,9629,199,,,0,0,0,0,0,0,0,0,0,0,0,0,0,1067782701.53,True,1.0
django__django-11133,django/django,kvflow_prefix_plus_codebase_prefetch,1526.94,9632,310,,,2,2,0,0,0,0,0,0,0,0,0,0,0,1067783506.56,False,0.0606
django__django-11133,django/django,kvcomm_lossy_plus_codebase_prefetch,1384.52,9630,278,exact_code_content_signature,9f785cb47ad6b36006e3f299b430c92a,2,2,0,0,0,0,0,0,8941,8941,0,0,0,1067785098.67,False,0.0645
django__django-11138,django/django,baseline_prefix_cache_only,1335.34,11193,229,,,0,0,0,0,0,0,0,0,0,0,0,0,0,1067789572.73,True,1.0
django__django-11138,django/django,kvflow_prefix_only,1529.2,11193,297,,,0,0,0,0,0,0,0,0,0,0,0,0,0,1067790908.2,False,0.7368
django__django-11138,django/django,kvflow_prefix_plus_codebase_prefetch,1436.11,11196,239,,,2,2,0,0,0,0,0,0,0,0,0,0,0,1067792437.85,False,0.8947
django__django-11138,django/django,kvcomm_lossy_plus_codebase_prefetch,1525.54,11194,267,exact_code_content_signature,9f785cb47ad6b36006e3f299b430c92a,2,2,0,0,0,0,0,0,8941,8941,0,0,0,1067793941.84,False,0.7368
django__django-11141,django/django,baseline_prefix_cache_only,923.27,9818,193,,,0,0,0,0,0,0,0,0,0,0,0,0,0,1067798400.12,True,1.0
django__django-11141,django/django,kvflow_prefix_only,650.94,9818,127,,,0,0,0,0,0,0,0,0,0,0,0,0,0,1067799323.5,False,0.0
django__django-11141,django/django,kvflow_prefix_plus_codebase_prefetch,1117.29,9821,227,,,2,2,0,0,0,0,0,0,0,0,0,0,0,1067799974.88,False,0.0
django__django-11141,django/django,kvcomm_lossy_plus_codebase_prefetch,1344.44,9819,284,exact_code_content_signature,73882ee5e751f3301d8c7c6e222a0d92,2,2,0,0,0,0,0,0,8914,8914,0,0,0,1067801153.87,False,0.1053
django__django-11149,django/django,baseline_prefix_cache_only,1311.4,10734,286,,,0,0,0,0,0,0,0,0,0,0,0,0,0,1067805534.43,True,1.0
django__django-11149,django/django,kvflow_prefix_only,1310.01,10734,286,,,0,0,0,0,0,0,0,0,0,0,0,0,0,1067806845.93,True,1.0
django__django-11149,django/django,kvflow_prefix_plus_codebase_prefetch,2285.21,10737,526,,,2,2,0,0,0,0,0,0,0,0,0,0,0,1067808156.4,False,0.3158
django__django-11149,django/django,kvcomm_lossy_plus_codebase_prefetch,1297.59,10735,286,exact_code_content_signature,9f785cb47ad6b36006e3f299b430c92a,2,2,0,0,0,0,0,0,8941,8941,0,0,0,1067810527.75,True,1.0
matplotlib__matplotlib-13989,matplotlib/matplotlib,baseline_prefix_cache_only,2279.49,10697,501,,,0,0,0,0,0,0,0,0,0,0,0,0,0,1067814932.25,True,1.0
matplotlib__matplotlib-13989,matplotlib/matplotlib,kvflow_prefix_only,1549.38,10697,309,,,0,0,0,0,0,0,0,0,0,0,0,0,0,1067817211.84,False,0.1127
matplotlib__matplotlib-13989,matplotlib/matplotlib,kvflow_prefix_plus_codebase_prefetch,2274.52,10700,497,,,2,2,0,0,0,0,0,0,0,0,0,0,0,1067818761.65,False,0.2927
matplotlib__matplotlib-13989,matplotlib/matplotlib,kvcomm_lossy_plus_codebase_prefetch,2270.16,10698,497,exact_code_content_signature,26c5f2a1b20df71c9be029f7076feba6,2,2,0,0,0,0,0,0,9710,9710,0,0,0,1067821101.51,False,0.2927
matplotlib__matplotlib-14623,matplotlib/matplotlib,baseline_prefix_cache_only,892.18,10528,138,,,0,0,0,0,0,0,0,0,0,0,0,0,0,1067826444.18,True,1.0
matplotlib__matplotlib-14623,matplotlib/matplotlib,kvflow_prefix_only,892.36,10528,138,,,0,0,0,0,0,0,0,0,0,0,0,0,0,1067827336.46,True,1.0
matplotlib__matplotlib-14623,matplotlib/matplotlib,kvflow_prefix_plus_codebase_prefetch,950.54,10531,144,,,2,2,0,0,0,0,0,0,0,0,0,0,0,1067828229.27,False,0.7778
matplotlib__matplotlib-14623,matplotlib/matplotlib,kvcomm_lossy_plus_codebase_prefetch,935.07,10529,144,exact_code_content_signature,0704a3b200a447ba2b8661df4cae9acc,2,2,0,0,0,0,0,0,9647,9647,0,0,0,1067829258.08,False,0.7778
matplotlib__matplotlib-20488,matplotlib/matplotlib,baseline_prefix_cache_only,1017.13,11128,213,,,0,0,0,0,0,0,0,0,0,0,0,0,0,1067833324.67,True,1.0
matplotlib__matplotlib-20488,matplotlib/matplotlib,kvflow_prefix_only,810.92,11128,125,,,0,0,0,0,0,0,0,0,0,0,0,0,0,1067834341.9,False,0.0
matplotlib__matplotlib-20488,matplotlib/matplotlib,kvflow_prefix_plus_codebase_prefetch,1451.66,11131,267,,,2,2,0,0,0,0,0,0,0,0,0,0,0,1067835153.26,False,0.5
matplotlib__matplotlib-20488,matplotlib/matplotlib,kvcomm_lossy_plus_codebase_prefetch,1385.19,11129,263,exact_code_content_signature,1c214b1d6ff53b49,2,2,0,0,0,0,0,0,9778,9778,0,0,0,1067836674.89,False,0.5
matplotlib__matplotlib-20676,matplotlib/matplotlib,baseline_prefix_cache_only,1605.11,10977,323,,,0,0,0,0,0,0,0,0,0,0,0,0,0,1067841151.91,True,1.0
matplotlib__matplotlib-20676,matplotlib/matplotlib,kvflow_prefix_only,2063.59,10977,383,,,0,0,0,0,0,0,0,0,0,0,0,0,0,1067842757.13,False,0.087
matplotlib__matplotlib-20676,matplotlib/matplotlib,kvflow_prefix_plus_codebase_prefetch,1389.55,10980,269,,,2,2,0,0,0,0,0,0,0,0,0,0,0,1067844821.15,False,0.0889
matplotlib__matplotlib-20676,matplotlib/matplotlib,kvcomm_lossy_plus_codebase_prefetch,1561.22,10978,320,exact_code_content_signature,037dfcc04b4d03f889528c2648a386ae,2,2,0,0,0,0,0,0,9787,9787,0,0,0,1067846287.45,False,0.05
matplotlib__matplotlib-20826,matplotlib/matplotlib,baseline_prefix_cache_only,619.37,11134,108,,,0,0,0,0,0,0,0,0,0,0,0,0,0,1067851030.04,True,1.0
matplotlib__matplotlib-20826,matplotlib/matplotlib,kvflow_prefix_only,619.27,11134,108,,,0,0,0,0,0,0,0,0,0,0,0,0,0,1067851649.51,True,1.0
matplotlib__matplotlib-20826,matplotlib/matplotlib,kvflow_prefix_plus_codebase_prefetch,982.15,11137,157,,,2,2,0,0,0,0,0,0,0,0,0,0,0,1067852268.94,False,0.0
matplotlib__matplotlib-20826,matplotlib/matplotlib,kvcomm_lossy_plus_codebase_prefetch,990.1,11135,162,exact_code_content_signature,037dfcc04b4d03f889528c2648a386ae,2,2,0,0,0,0,0,0,9787,9787,0,0,0,1067853313.39,False,0.0
matplotlib__matplotlib-20859,matplotlib/matplotlib,baseline_prefix_cache_only,894.09,10809,209,,,0,0,0,0,0,0,0,0,0,0,0,0,0,1067857450.21,True,1.0
matplotlib__matplotlib-20859,matplotlib/matplotlib,kvflow_prefix_only,1276.87,10809,263,,,0,0,0,0,0,0,0,0,0,0,0,0,0,1067858344.4,False,0.5833
matplotlib__matplotlib-20859,matplotlib/matplotlib,kvflow_prefix_plus_codebase_prefetch,1482.69,10812,315,,,2,2,0,0,0,0,0,0,0,0,0,0,0,1067859621.7,False,0.4364
matplotlib__matplotlib-20859,matplotlib/matplotlib,kvcomm_lossy_plus_codebase_prefetch,1283.67,10810,263,exact_code_content_signature,4cadc3f60582731e,2,2,0,0,0,0,0,0,9589,9589,0,0,0,1067861167.78,False,0.5833
matplotlib__matplotlib-21568,matplotlib/matplotlib,baseline_prefix_cache_only,1238.56,11430,272,,,0,0,0,0,0,0,0,0,0,0,0,0,0,1067865671.37,True,1.0
matplotlib__matplotlib-21568,matplotlib/matplotlib,kvflow_prefix_only,1088.57,11430,258,,,0,0,0,0,0,0,0,0,0,0,0,0,0,1067866910.06,False,0.8
matplotlib__matplotlib-21568,matplotlib/matplotlib,kvflow_prefix_plus_codebase_prefetch,1296.16,11433,313,,,2,2,0,0,0,0,0,0,0,0,0,0,0,1067867999.05,False,0.7
matplotlib__matplotlib-21568,matplotlib/matplotlib,kvcomm_lossy_plus_codebase_prefetch,1093.87,11431,258,exact_code_content_signature,060d3dc6bf8c5f12f5db9b7c2c5992e1,2,2,0,0,0,0,0,0,9576,9576,0,0,0,1067869365.75,False,0.8
matplotlib__matplotlib-22719,matplotlib/matplotlib,baseline_prefix_cache_only,1185.71,12837,234,,,0,0,0,0,0,0,0,0,0,0,0,0,0,1067873818.06,True,1.0
matplotlib__matplotlib-22719,matplotlib/matplotlib,kvflow_prefix_only,1570.66,12837,290,,,0,0,0,0,0,0,0,0,0,0,0,0,0,1067875003.88,False,0.5455
matplotlib__matplotlib-22719,matplotlib/matplotlib,kvflow_prefix_plus_codebase_prefetch,1538.0,12840,284,,,2,2,0,0,0,0,0,0,0,0,0,0,0,1067876574.99,False,0.5455
matplotlib__matplotlib-22719,matplotlib/matplotlib,kvcomm_lossy_plus_codebase_prefetch,1540.99,12838,284,exact_code_content_signature,82b7fc50d04351288c264df306b5708b,2,2,0,0,0,0,0,0,9581,9581,0,0,0,1067878172.48,False,0.5455
matplotlib__matplotlib-22865,matplotlib/matplotlib,baseline_prefix_cache_only,1454.49,10951,303,,,0,0,0,0,0,0,0,0,0,0,0,0,0,1067882808.49,True,1.0
matplotlib__matplotlib-22865,matplotlib/matplotlib,kvflow_prefix_only,2053.87,10951,383,,,0,0,0,0,0,0,0,0,0,0,0,0,0,1067884263.08,False,0.0976
matplotlib__matplotlib-22865,matplotlib/matplotlib,kvflow_prefix_plus_codebase_prefetch,1466.94,10954,297,,,2,2,0,0,0,0,0,0,0,0,0,0,0,1067886317.38,False,0.0
matplotlib__matplotlib-22865,matplotlib/matplotlib,kvcomm_lossy_plus_codebase_prefetch,2060.85,10952,383,exact_code_content_signature,236f8376dc8ce8c9359ef40645388d75,2,2,0,0,0,0,0,0,9612,9612,0,0,0,1067887842.05,False,0.0976
matplotlib__matplotlib-22871,matplotlib/matplotlib,baseline_prefix_cache_only,1341.83,10573,274,,,0,0,0,0,0,0,0,0,0,0,0,0,0,1067892953.74,True,1.0
matplotlib__matplotlib-22871,matplotlib/matplotlib,kvflow_prefix_only,1342.59,10573,274,,,0,0,0,0,0,0,0,0,0,0,0,0,0,1067894295.67,True,1.0
matplotlib__matplotlib-22871,matplotlib/matplotlib,kvflow_prefix_plus_codebase_prefetch,1339.37,10576,274,,,2,2,0,0,0,0,0,0,0,0,0,0,0,1067895638.7,True,1.0
matplotlib__matplotlib-22871,matplotlib/matplotlib,kvcomm_lossy_plus_codebase_prefetch,1355.23,10574,274,exact_code_content_signature,236f8376dc8ce8c9359ef40645388d75,2,2,0,0,0,0,0,0,9612,9612,0,0,0,1067897029.35,True,1.0
matplotlib__matplotlib-23299,matplotlib/matplotlib,baseline_prefix_cache_only,627.21,10660,120,,,0,0,0,0,0,0,0,0,0,0,0,0,0,1067901447.45,True,1.0
matplotlib__matplotlib-23299,matplotlib/matplotlib,kvflow_prefix_only,621.04,10660,120,,,0,0,0,0,0,0,0,0,0,0,0,0,0,1067902074.77,True,1.0
matplotlib__matplotlib-23299,matplotlib/matplotlib,kvflow_prefix_plus_codebase_prefetch,625.09,10663,117,,,2,2,0,0,0,0,0,0,0,0,0,0,0,1067902696.26,False,0.0
matplotlib__matplotlib-23299,matplotlib/matplotlib,kvcomm_lossy_plus_codebase_prefetch,608.6,10661,120,exact_code_content_signature,1e7ba9bbc3a3d3877dcbd847640adf0a,2,2,0,0,0,0,0,0,9622,9622,0,0,0,1067903398.25,True,1.0
matplotlib__matplotlib-23314,matplotlib/matplotlib,baseline_prefix_cache_only,1330.15,10579,273,,,0,0,0,0,0,0,0,0,0,0,0,0,0,1067907060.31,True,1.0
matplotlib__matplotlib-23314,matplotlib/matplotlib,kvflow_prefix_only,1323.7,10579,273,,,0,0,0,0,0,0,0,0,0,0,0,0,0,1067908390.57,True,1.0
matplotlib__matplotlib-23314,matplotlib/matplotlib,kvflow_prefix_plus_codebase_prefetch,1327.55,10582,273,,,2,2,0,0,0,0,0,0,0,0,0,0,0,1067909714.7,True,1.0
matplotlib__matplotlib-23314,matplotlib/matplotlib,kvcomm_lossy_plus_codebase_prefetch,1319.93,10580,273,exact_code_content_signature,1e7ba9bbc3a3d3877dcbd847640adf0a,2,2,0,0,0,0,0,0,9622,9622,0,0,0,1067911108.82,True,1.0
matplotlib__matplotlib-23412,matplotlib/matplotlib,baseline_prefix_cache_only,1423.2,11172,242,,,0,0,0,0,0,0,0,0,0,0,0,0,0,1067915565.51,True,1.0
matplotlib__matplotlib-23412,matplotlib/matplotlib,kvflow_prefix_only,1617.08,11172,289,,,0,0,0,0,0,0,0,0,0,0,0,0,0,1067916988.81,False,0.2
matplotlib__matplotlib-23412,matplotlib/matplotlib,kvflow_prefix_plus_codebase_prefetch,1643.63,11175,291,,,2,2,0,0,0,0,0,0,0,0,0,0,0,1067918606.33,False,0.2667
matplotlib__matplotlib-23412,matplotlib/matplotlib,kvcomm_lossy_plus_codebase_prefetch,1631.17,11173,291,exact_code_content_signature,1e7ba9bbc3a3d3877dcbd847640adf0a,2,2,0,0,0,0,0,0,9622,9622,0,0,0,1067920329.12,False,0.2667
matplotlib__matplotlib-23476,matplotlib/matplotlib,baseline_prefix_cache_only,1107.78,11435,220,,,0,0,0,0,0,0,0,0,0,0,0,0,0,1067925117.38,True,1.0
matplotlib__matplotlib-23476,matplotlib/matplotlib,kvflow_prefix_only,1111.65,11435,220,,,0,0,0,0,0,0,0,0,0,0,0,0,0,1067926225.27,True,1.0
matplotlib__matplotlib-23476,matplotlib/matplotlib,kvflow_prefix_plus_codebase_prefetch,1162.52,11438,240,,,2,2,0,0,0,0,0,0,0,0,0,0,0,1067927337.35,False,0.3636
matplotlib__matplotlib-23476,matplotlib/matplotlib,kvcomm_lossy_plus_codebase_prefetch,1062.69,11436,181,exact_code_content_signature,1e7ba9bbc3a3d3877dcbd847640adf0a,2,2,0,0,0,0,0,0,9622,9622,0,0,0,1067928562.2,False,0.1765
matplotlib__matplotlib-24026,matplotlib/matplotlib,baseline_prefix_cache_only,1052.5,10866,188,,,0,0,0,0,0,0,0,0,0,0,0,0,0,1067932719.59,True,1.0
matplotlib__matplotlib-24026,matplotlib/matplotlib,kvflow_prefix_only,1057.33,10866,188,,,0,0,0,0,0,0,0,0,0,0,0,0,0,1067933772.2,True,1.0
matplotlib__matplotlib-24026,matplotlib/matplotlib,kvflow_prefix_plus_codebase_prefetch,1052.13,10869,188,,,2,2,0,0,0,0,0,0,0,0,0,0,0,1067934829.96,True,1.0
matplotlib__matplotlib-24026,matplotlib/matplotlib,kvcomm_lossy_plus_codebase_prefetch,1045.92,10867,188,exact_code_content_signature,2ca7125e946d77e0f06f02de7ed3e42c,2,2,0,0,0,0,0,0,9627,9627,0,0,0,1067935951.55,True,1.0
mwaskom__seaborn-3069,mwaskom/seaborn,baseline_prefix_cache_only,2276.39,10253,448,,,0,0,0,0,0,0,0,0,0,0,0,0,0,1067940056.17,True,1.0
mwaskom__seaborn-3069,mwaskom/seaborn,kvflow_prefix_only,828.49,10253,159,,,0,0,0,0,0,0,0,0,0,0,0,0,0,1067942332.67,False,0.1538
mwaskom__seaborn-3069,mwaskom/seaborn,kvflow_prefix_plus_codebase_prefetch,826.11,10256,159,,,2,2,0,0,0,0,0,0,0,0,0,0,0,1067943161.59,False,0.1538
mwaskom__seaborn-3069,mwaskom/seaborn,kvcomm_lossy_plus_codebase_prefetch,2275.46,10254,499,exact_code_content_signature,a4d6524ab618a0bf65ff1f94b22ef1c8,2,2,0,0,0,0,0,0,9281,9281,0,0,0,1067944068.83,False,0.16
mwaskom__seaborn-3187,mwaskom/seaborn,baseline_prefix_cache_only,1015.49,10422,233,,,0,0,0,0,0,0,0,0,0,0,0,0,0,1067949423.84,True,1.0
mwaskom__seaborn-3187,mwaskom/seaborn,kvflow_prefix_only,1025.45,10422,233,,,0,0,0,0,0,0,0,0,0,0,0,0,0,1067950439.44,True,1.0
mwaskom__seaborn-3187,mwaskom/seaborn,kvflow_prefix_plus_codebase_prefetch,2276.57,10425,567,,,2,2,0,0,0,0,0,0,0,0,0,0,0,1067951465.33,False,0.439
mwaskom__seaborn-3187,mwaskom/seaborn,kvcomm_lossy_plus_codebase_prefetch,1089.44,10423,249,exact_code_content_signature,9aa46f50e4b75e91,2,2,0,0,0,0,0,0,9282,9282,0,0,0,1067953824.06,False,0.7692
pallets__flask-5014,pallets/flask,baseline_prefix_cache_only,846.1,10368,148,,,0,0,0,0,0,0,0,0,0,0,0,0,0,1067957918.06,True,1.0
pallets__flask-5014,pallets/flask,kvflow_prefix_only,853.9,10368,150,,,0,0,0,0,0,0,0,0,0,0,0,0,0,1067958764.27,False,0.5714
pallets__flask-5014,pallets/flask,kvflow_prefix_plus_codebase_prefetch,848.62,10371,150,,,2,2,0,0,0,0,0,0,0,0,0,0,0,1067959618.61,False,0.5714
pallets__flask-5014,pallets/flask,kvcomm_lossy_plus_codebase_prefetch,830.69,10369,150,exact_code_content_signature,04f8fe2bc1edf43ff35d522d9612feff,2,2,0,0,0,0,0,0,9854,9854,0,0,0,1067960530.24,False,0.5714
psf__requests-1142,psf/requests,baseline_prefix_cache_only,770.53,25580,168,,,0,0,0,0,0,0,0,0,0,0,0,0,0,1067968365.63,True,1.0
psf__requests-1142,psf/requests,kvflow_prefix_only,789.35,25580,168,,,0,0,0,0,0,0,0,0,0,0,0,0,0,1067969136.23,True,1.0
psf__requests-1142,psf/requests,kvflow_prefix_plus_codebase_prefetch,1206.87,25583,227,,,2,2,0,0,0,0,0,0,0,0,0,0,0,1067969926.0,False,0.2308
psf__requests-1142,psf/requests,kvcomm_lossy_plus_codebase_prefetch,1172.64,25581,222,exact_code_content_signature,9b0fee683da901142199c3c8d75e957c,2,2,0,0,0,0,0,1,24993,4432,0,0,0,1067971258.68,False,0.3077
psf__requests-1724,psf/requests,baseline_prefix_cache_only,971.64,27884,190,,,0,0,0,0,0,0,0,0,0,0,0,0,0,1067979836.96,True,1.0
psf__requests-1724,psf/requests,kvflow_prefix_only,719.99,27884,136,,,0,0,0,0,0,0,0,0,0,0,0,0,0,1067980808.71,False,0.4
psf__requests-1724,psf/requests,kvflow_prefix_plus_codebase_prefetch,971.32,27887,190,,,2,2,0,0,0,0,0,0,0,0,0,0,0,1067981529.14,True,1.0
psf__requests-1724,psf/requests,kvcomm_lossy_plus_codebase_prefetch,965.02,27885,190,exact_code_content_signature,65316dc354d8533d0837778473e925a6,2,2,0,0,0,0,0,2,25158,0,0,0,0,1067982619.38,True,1.0
psf__requests-1766,psf/requests,baseline_prefix_cache_only,633.7,25978,106,,,0,0,0,0,0,0,0,0,0,0,0,0,0,1067990674.29,True,1.0
psf__requests-1766,psf/requests,kvflow_prefix_only,634.44,25978,106,,,0,0,0,0,0,0,0,0,0,0,0,0,0,1067991308.1,True,1.0
psf__requests-1766,psf/requests,kvflow_prefix_plus_codebase_prefetch,635.28,25981,106,,,2,2,0,0,0,0,0,0,0,0,0,0,0,1067991942.98,True,1.0
psf__requests-1766,psf/requests,kvcomm_lossy_plus_codebase_prefetch,640.96,25979,106,exact_code_content_signature,1b467d91f7456147,2,2,0,0,0,0,0,2,25181,0,0,0,0,1067992696.06,True,1.0
psf__requests-1921,psf/requests,baseline_prefix_cache_only,702.61,26036,137,,,0,0,0,0,0,0,0,0,0,0,0,0,0,1068000456.42,True,1.0
psf__requests-1921,psf/requests,kvflow_prefix_only,704.92,26036,145,,,0,0,0,0,0,0,0,0,0,0,0,0,0,1068001159.13,False,0.5
psf__requests-1921,psf/requests,kvflow_prefix_plus_codebase_prefetch,690.44,26039,139,,,2,2,0,0,0,0,0,0,0,0,0,0,0,1068001864.49,False,0.5
psf__requests-1921,psf/requests,kvcomm_lossy_plus_codebase_prefetch,693.09,26037,145,exact_code_content_signature,0fdf951707f95bee,2,2,0,0,0,0,0,2,25263,0,0,0,0,1068002688.23,False,0.5
psf__requests-2317,psf/requests,baseline_prefix_cache_only,2422.49,26119,549,,,0,0,0,0,0,0,0,0,0,0,0,0,0,1068010515.84,True,1.0
psf__requests-2317,psf/requests,kvflow_prefix_only,1013.26,26119,182,,,0,0,0,0,0,0,0,0,0,0,0,0,0,1068012938.46,False,0.1951
psf__requests-2317,psf/requests,kvflow_prefix_plus_codebase_prefetch,654.43,26122,126,,,2,2,0,0,0,0,0,0,0,0,0,0,0,1068013952.18,False,0.2051
psf__requests-2317,psf/requests,kvcomm_lossy_plus_codebase_prefetch,665.43,26120,126,exact_code_content_signature,56d2c2e9e97a0fe91390a93ddaa35fef,2,2,0,0,0,0,0,2,25318,0,0,0,0,1068014741.31,False,0.2051
psf__requests-2931,psf/requests,baseline_prefix_cache_only,2423.96,25942,587,,,0,0,0,0,0,0,0,0,0,0,0,0,0,1068022528.28,True,1.0
psf__requests-2931,psf/requests,kvflow_prefix_only,872.94,25942,193,,,0,0,0,0,0,0,0,0,0,0,0,0,0,1068024952.35,False,0.1562
psf__requests-2931,psf/requests,kvflow_prefix_plus_codebase_prefetch,2427.81,25945,587,,,2,2,0,0,0,0,0,0,0,0,0,0,0,1068025825.74,False,0.9107
psf__requests-2931,psf/requests,kvcomm_lossy_plus_codebase_prefetch,627.77,25943,123,exact_code_content_signature,28b43c62017f795f,2,2,0,0,0,0,0,2,25364,0,0,0,0,1068028373.04,False,0.0
psf__requests-5414,psf/requests,baseline_prefix_cache_only,985.67,10849,183,,,0,0,0,0,0,0,0,0,0,0,0,0,0,1068032159.92,True,1.0
psf__requests-5414,psf/requests,kvflow_prefix_only,989.61,10849,183,,,0,0,0,0,0,0,0,0,0,0,0,0,0,1068033145.69,True,1.0
psf__requests-5414,psf/requests,kvflow_prefix_plus_codebase_prefetch,987.24,10852,183,,,2,2,0,0,0,0,0,0,0,0,0,0,0,1068034135.75,True,1.0
psf__requests-5414,psf/requests,kvcomm_lossy_plus_codebase_prefetch,993.87,10850,183,exact_code_content_signature,0f04e4f3ff0d06d0eb8d7a844761cb69,2,2,0,0,0,0,0,0,9911,9911,0,0,0,1068035192.72,True,1.0
psf__requests-6028,psf/requests,baseline_prefix_cache_only,1595.05,10881,317,,,0,0,0,0,0,0,0,0,0,0,0,0,0,1068039364.72,True,1.0
psf__requests-6028,psf/requests,kvflow_prefix_only,1593.17,10881,317,,,0,0,0,0,0,0,0,0,0,0,0,0,0,1068040959.87,True,1.0
psf__requests-6028,psf/requests,kvflow_prefix_plus_codebase_prefetch,1479.99,10884,264,,,2,2,0,0,0,0,0,0,0,0,0,0,0,1068042553.48,False,0.7667
psf__requests-6028,psf/requests,kvcomm_lossy_plus_codebase_prefetch,1546.29,10882,285,exact_code_content_signature,6146dab184a46aea,2,2,0,0,0,0,0,0,9914,9914,0,0,0,1068044115.33,False,0.6102
pydata__xarray-2905,pydata/xarray,baseline_prefix_cache_only,1241.15,11893,240,,,0,0,0,0,0,0,0,0,0,0,0,0,0,1068048970.53,True,1.0
pydata__xarray-2905,pydata/xarray,kvflow_prefix_only,1226.63,11893,240,,,0,0,0,0,0,0,0,0,0,0,0,0,0,1068050211.79,True,1.0
pydata__xarray-2905,pydata/xarray,kvflow_prefix_plus_codebase_prefetch,1227.9,11896,240,,,2,2,0,0,0,0,0,0,0,0,0,0,0,1068051438.86,True,1.0
pydata__xarray-2905,pydata/xarray,kvcomm_lossy_plus_codebase_prefetch,1219.74,11894,240,exact_code_content_signature,134d234c402c48c0,2,2,0,0,0,0,0,0,10569,10569,0,0,0,1068052750.93,True,1.0
pydata__xarray-3095,pydata/xarray,baseline_prefix_cache_only,1328.78,10634,201,,,0,0,0,0,0,0,0,0,0,0,0,0,0,1068057023.45,True,1.0
pydata__xarray-3095,pydata/xarray,kvflow_prefix_only,1105.69,10634,176,,,0,0,0,0,0,0,0,0,0,0,0,0,0,1068058352.34,False,0.0
pydata__xarray-3095,pydata/xarray,kvflow_prefix_plus_codebase_prefetch,1115.98,10637,176,,,2,2,0,0,0,0,0,0,0,0,0,0,0,1068059458.47,False,0.0
pydata__xarray-3095,pydata/xarray,kvcomm_lossy_plus_codebase_prefetch,1096.22,10635,176,exact_code_content_signature,3030fc3f19b07db3270db1f3f198d4a8,2,2,0,0,0,0,0,0,9541,9541,0,0,0,1068060656.78,False,0.0
pydata__xarray-3151,pydata/xarray,baseline_prefix_cache_only,720.11,11000,160,,,0,0,0,0,0,0,0,0,0,0,0,0,0,1068064872.33,True,1.0
pydata__xarray-3151,pydata/xarray,kvflow_prefix_only,717.11,11000,160,,,0,0,0,0,0,0,0,0,0,0,0,0,0,1068065592.55,True,1.0
pydata__xarray-3151,pydata/xarray,kvflow_prefix_plus_codebase_prefetch,709.33,11003,160,,,2,2,0,0,0,0,0,0,0,0,0,0,0,1068066310.1,True,1.0
pydata__xarray-3151,pydata/xarray,kvcomm_lossy_plus_codebase_prefetch,787.74,11001,151,exact_code_content_signature,0da6d2d5be0f6fc7a639c44150add25a,2,2,0,0,0,0,0,0,9551,9551,0,0,0,1068067088.57,False,0.7273
pydata__xarray-3305,pydata/xarray,baseline_prefix_cache_only,993.48,10923,174,,,0,0,0,0,0,0,0,0,0,0,0,0,0,1068070998.45,True,1.0
pydata__xarray-3305,pydata/xarray,kvflow_prefix_only,995.4,10923,174,,,0,0,0,0,0,0,0,0,0,0,0,0,0,1068071992.05,True,1.0
pydata__xarray-3305,pydata/xarray,kvflow_prefix_plus_codebase_prefetch,983.45,10926,174,,,2,2,0,0,0,0,0,0,0,0,0,0,0,1068072987.89,True,1.0
pydata__xarray-3305,pydata/xarray,kvcomm_lossy_plus_codebase_prefetch,972.56,10924,174,exact_code_content_signature,884b5691425cd38b,2,2,0,0,0,0,0,0,9665,9665,0,0,0,1068074043.17,True,1.0
pydata__xarray-3677,pydata/xarray,baseline_prefix_cache_only,739.09,10748,150,,,0,0,0,0,0,0,0,0,0,0,0,0,0,1068078193.62,True,1.0
pydata__xarray-3677,pydata/xarray,kvflow_prefix_only,1341.54,10748,242,,,0,0,0,0,0,0,0,0,0,0,0,0,0,1068078932.81,False,0.0
pydata__xarray-3677,pydata/xarray,kvflow_prefix_plus_codebase_prefetch,1350.9,10751,242,,,2,2,0,0,0,0,0,0,0,0,0,0,0,1068080274.78,False,0.0
pydata__xarray-3677,pydata/xarray,kvcomm_lossy_plus_codebase_prefetch,1403.62,10749,254,exact_code_content_signature,d822f77bcde8646899440f24bacfc78f,2,2,0,0,0,0,0,0,9762,9762,0,0,0,1068081729.1,False,0.0
pydata__xarray-3993,pydata/xarray,baseline_prefix_cache_only,1048.6,11429,168,,,0,0,0,0,0,0,0,0,0,0,0,0,0,1068086416.76,True,1.0
pydata__xarray-3993,pydata/xarray,kvflow_prefix_only,754.05,11429,126,,,0,0,0,0,0,0,0,0,0,0,0,0,0,1068087465.48,False,0.2222
pydata__xarray-3993,pydata/xarray,kvflow_prefix_plus_codebase_prefetch,947.92,11432,142,,,2,2,0,0,0,0,0,0,0,0,0,0,0,1068088219.96,False,0.8667
pydata__xarray-3993,pydata/xarray,kvcomm_lossy_plus_codebase_prefetch,941.31,11430,142,exact_code_content_signature,134d234c402c48c0,2,2,0,0,0,0,0,0,10569,10569,0,0,0,1068089236.85,False,0.8667
pydata__xarray-4075,pydata/xarray,baseline_prefix_cache_only,1215.43,11270,202,,,0,0,0,0,0,0,0,0,0,0,0,0,0,1068093388.96,True,1.0
pydata__xarray-4075,pydata/xarray,kvflow_prefix_only,1219.49,11270,202,,,0,0,0,0,0,0,0,0,0,0,0,0,0,1068094604.5,True,1.0
pydata__xarray-4075,pydata/xarray,kvflow_prefix_plus_codebase_prefetch,1183.52,11273,182,,,2,2,0,0,0,0,0,0,0,0,0,0,0,1068095824.44,False,0.8333
pydata__xarray-4075,pydata/xarray,kvcomm_lossy_plus_codebase_prefetch,1201.46,11271,202,exact_code_content_signature,6f7d52f39f6dd9bebb06e9482a5e5d69,2,2,0,0,0,0,0,0,9785,9785,0,0,0,1068097087.73,True,1.0
pydata__xarray-4094,pydata/xarray,baseline_prefix_cache_only,2130.51,10959,416,,,0,0,0,0,0,0,0,0,0,0,0,0,0,1068101446.63,True,1.0
pydata__xarray-4094,pydata/xarray,kvflow_prefix_only,1637.74,10959,323,,,0,0,0,0,0,0,0,0,0,0,0,0,0,1068103577.24,False,0.459
pydata__xarray-4094,pydata/xarray,kvflow_prefix_plus_codebase_prefetch,1984.61,10962,392,,,2,2,0,0,0,0,0,0,0,0,0,0,0,1068105215.41,False,0.9091
pydata__xarray-4094,pydata/xarray,kvcomm_lossy_plus_codebase_prefetch,1446.17,10960,285,exact_code_content_signature,12a121095f3f0db574dcbb0b51f0bcd0,2,2,0,0,0,0,0,0,9788,9788,0,0,0,1068107286.27,False,0.459
pydata__xarray-4356,pydata/xarray,baseline_prefix_cache_only,1031.07,11103,168,,,0,0,0,0,0,0,0,0,0,0,0,0,0,1068111895.63,True,1.0
pydata__xarray-4356,pydata/xarray,kvflow_prefix_only,674.41,11103,114,,,0,0,0,0,0,0,0,0,0,0,0,0,0,1068112926.81,False,0.0
pydata__xarray-4356,pydata/xarray,kvflow_prefix_plus_codebase_prefetch,1021.65,11106,168,,,2,2,0,0,0,0,0,0,0,0,0,0,0,1068113601.65,True,1.0
pydata__xarray-4356,pydata/xarray,kvcomm_lossy_plus_codebase_prefetch,1010.07,11104,168,exact_code_content_signature,00527e235a89a57dfb1d0633afe94b9f,2,2,0,0,0,0,0,0,9791,9791,0,0,0,1068114704.04,True,1.0
pydata__xarray-4629,pydata/xarray,baseline_prefix_cache_only,665.37,12022,124,,,0,0,0,0,0,0,0,0,0,0,0,0,0,1068119124.52,True,1.0
pydata__xarray-4629,pydata/xarray,kvflow_prefix_only,662.23,12022,124,,,0,0,0,0,0,0,0,0,0,0,0,0,0,1068119789.99,True,1.0
pydata__xarray-4629,pydata/xarray,kvflow_prefix_plus_codebase_prefetch,1023.76,12025,176,,,2,2,0,0,0,0,0,0,0,0,0,0,0,1068120452.66,False,0.0
pydata__xarray-4629,pydata/xarray,kvcomm_lossy_plus_codebase_prefetch,1016.29,12023,178,exact_code_content_signature,9d47a688580b4c75,2,2,0,0,0,0,0,0,10559,10559,0,0,0,1068121551.4,False,0.0
pydata__xarray-4687,pydata/xarray,baseline_prefix_cache_only,2308.08,12615,563,,,0,0,0,0,0,0,0,0,0,0,0,0,0,1068126061.56,True,1.0
pydata__xarray-4687,pydata/xarray,kvflow_prefix_only,2299.83,12615,452,,,0,0,0,0,0,0,0,0,0,0,0,0,0,1068128369.75,False,0.0215
pydata__xarray-4687,pydata/xarray,kvflow_prefix_plus_codebase_prefetch,957.81,12618,159,,,2,2,0,0,0,0,0,0,0,0,0,0,0,1068130670.01,False,0.0
pydata__xarray-4687,pydata/xarray,kvcomm_lossy_plus_codebase_prefetch,950.05,12616,159,exact_code_content_signature,857e731528c6a221,2,2,0,0,0,0,0,0,10540,10540,0,0,0,1068131720.77,False,0.0
pydata__xarray-4695,pydata/xarray,baseline_prefix_cache_only,2294.8,12464,435,,,0,0,0,0,0,0,0,0,0,0,0,0,0,1068136111.42,True,1.0
pydata__xarray-4695,pydata/xarray,kvflow_prefix_only,1496.24,12464,325,,,0,0,0,0,0,0,0,0,0,0,0,0,0,1068138406.34,False,0.0274
pydata__xarray-4695,pydata/xarray,kvflow_prefix_plus_codebase_prefetch,2298.73,12467,431,,,2,2,0,0,0,0,0,0,0,0,0,0,0,1068139903.01,False,0.6265
pydata__xarray-4695,pydata/xarray,kvcomm_lossy_plus_codebase_prefetch,2330.16,12465,435,exact_code_content_signature,2169b271702ec1e9f90493e5658ce4dc,2,2,0,0,0,0,0,0,10564,10564,0,0,0,1068142282.34,True,1.0
pydata__xarray-4966,pydata/xarray,baseline_prefix_cache_only,1533.55,12646,348,,,0,0,0,0,0,0,0,0,0,0,0,0,0,1068148060.78,True,1.0
pydata__xarray-4966,pydata/xarray,kvflow_prefix_only,1531.64,12646,348,,,0,0,0,0,0,0,0,0,0,0,0,0,0,1068149594.43,True,1.0
pydata__xarray-4966,pydata/xarray,kvflow_prefix_plus_codebase_prefetch,1216.96,12649,203,,,2,2,0,0,0,0,0,0,0,0,0,0,0,1068151126.52,False,0.1017
pydata__xarray-4966,pydata/xarray,kvcomm_lossy_plus_codebase_prefetch,1193.9,12647,203,exact_code_content_signature,134d234c402c48c0,2,2,0,0,0,0,0,0,10569,10569,0,0,0,1068152430.24,False,0.1017
pydata__xarray-6461,pydata/xarray,baseline_prefix_cache_only,1002.69,11435,184,,,0,0,0,0,0,0,0,0,0,0,0,0,0,1068156926.66,True,1.0
pydata__xarray-6461,pydata/xarray,kvflow_prefix_only,1008.54,11435,184,,,0,0,0,0,0,0,0,0,0,0,0,0,0,1068157929.46,True,1.0
pydata__xarray-6461,pydata/xarray,kvflow_prefix_plus_codebase_prefetch,1072.11,11438,196,,,2,2,0,0,0,0,0,0,0,0,0,0,0,1068158938.43,False,0.9444
pydata__xarray-6461,pydata/xarray,kvcomm_lossy_plus_codebase_prefetch,1078.45,11436,196,exact_code_content_signature,5656f38a9351dd94a445c465fe55b2c0,2,2,0,0,0,0,0,0,10634,10634,0,0,0,1068160083.84,False,0.9444
pydata__xarray-6599,pydata/xarray,baseline_prefix_cache_only,592.44,13300,111,,,0,0,0,0,0,0,0,0,0,0,0,0,0,1068164662.67,True,1.0
pydata__xarray-6599,pydata/xarray,kvflow_prefix_only,595.64,13300,111,,,0,0,0,0,0,0,0,0,0,0,0,0,0,1068165255.24,True,1.0
pydata__xarray-6599,pydata/xarray,kvflow_prefix_plus_codebase_prefetch,596.0,13303,111,,,2,2,0,0,0,0,0,0,0,0,0,0,0,1068165851.33,True,1.0
pydata__xarray-6599,pydata/xarray,kvcomm_lossy_plus_codebase_prefetch,599.69,13301,111,exact_code_content_signature,5656f38a9351dd94a445c465fe55b2c0,2,2,0,0,0,0,0,0,10636,10636,0,0,0,1068166515.09,True,1.0
pylint-dev__pylint-4551,pylint-dev/pylint,baseline_prefix_cache_only,2302.99,12914,504,,,0,0,0,0,0,0,0,0,0,0,0,0,0,1068170639.54,True,1.0
pylint-dev__pylint-4551,pylint-dev/pylint,kvflow_prefix_only,2299.66,12914,514,,,0,0,0,0,0,0,0,0,0,0,0,0,0,1068172942.65,False,0.8958
pylint-dev__pylint-4551,pylint-dev/pylint,kvflow_prefix_plus_codebase_prefetch,2304.32,12917,497,,,2,2,0,0,0,0,0,0,0,0,0,0,0,1068175242.76,False,0.5581
pylint-dev__pylint-4551,pylint-dev/pylint,kvcomm_lossy_plus_codebase_prefetch,2290.93,12915,497,exact_code_content_signature,00c351fdc764dec9507129e20aacc732,2,2,0,0,0,0,0,0,11201,11201,0,0,0,1068177622.1,False,0.5581
pylint-dev__pylint-4604,pylint-dev/pylint,baseline_prefix_cache_only,608.02,12517,112,,,0,0,0,0,0,0,0,0,0,0,0,0,0,1068183364.86,True,1.0
pylint-dev__pylint-4604,pylint-dev/pylint,kvflow_prefix_only,601.32,12517,112,,,0,0,0,0,0,0,0,0,0,0,0,0,0,1068183973.0,True,1.0
pylint-dev__pylint-4604,pylint-dev/pylint,kvflow_prefix_plus_codebase_prefetch,1044.22,12520,180,,,2,2,0,0,0,0,0,0,0,0,0,0,0,1068184574.78,False,0.0769
pylint-dev__pylint-4604,pylint-dev/pylint,kvcomm_lossy_plus_codebase_prefetch,1039.1,12518,192,exact_code_content_signature,00c351fdc764dec9507129e20aacc732,2,2,0,0,0,0,0,0,11201,11201,0,0,0,1068185695.49,False,0.0769
pylint-dev__pylint-4661,pylint-dev/pylint,baseline_prefix_cache_only,796.81,11971,137,,,0,0,0,0,0,0,0,0,0,0,0,0,0,1068190107.72,True,1.0
pylint-dev__pylint-4661,pylint-dev/pylint,kvflow_prefix_only,1178.74,11971,193,,,0,0,0,0,0,0,0,0,0,0,0,0,0,1068190904.66,False,0.0
pylint-dev__pylint-4661,pylint-dev/pylint,kvflow_prefix_plus_codebase_prefetch,1183.83,11974,193,,,2,2,0,0,0,0,0,0,0,0,0,0,0,1068192083.85,False,0.0
pylint-dev__pylint-4661,pylint-dev/pylint,kvcomm_lossy_plus_codebase_prefetch,1171.63,11972,193,exact_code_content_signature,5a71bb35b51eac80d0fe25eb8313c5a3,2,2,0,0,0,0,0,0,11222,11222,0,0,0,1068193346.99,False,0.0
pylint-dev__pylint-4970,pylint-dev/pylint,baseline_prefix_cache_only,1371.52,11884,226,,,0,0,0,0,0,0,0,0,0,0,0,0,0,1068197945.51,True,1.0
pylint-dev__pylint-4970,pylint-dev/pylint,kvflow_prefix_only,1144.84,11884,222,,,0,0,0,0,0,0,0,0,0,0,0,0,0,1068199317.14,False,0.0
pylint-dev__pylint-4970,pylint-dev/pylint,kvflow_prefix_plus_codebase_prefetch,1265.5,11887,236,,,2,2,0,0,0,0,0,0,0,0,0,0,0,1068200462.43,False,0.0
pylint-dev__pylint-4970,pylint-dev/pylint,kvcomm_lossy_plus_codebase_prefetch,1258.44,11885,236,exact_code_content_signature,1737a750d4637e09e723ecaa27bc82db,2,2,0,0,0,0,0,0,11199,11199,0,0,0,1068201801.38,False,0.0
pylint-dev__pylint-6386,pylint-dev/pylint,baseline_prefix_cache_only,893.47,10593,172,,,0,0,0,0,0,0,0,0,0,0,0,0,0,1068206169.29,True,1.0
pylint-dev__pylint-6386,pylint-dev/pylint,kvflow_prefix_only,1589.74,10593,395,,,0,0,0,0,0,0,0,0,0,0,0,0,0,1068207062.86,False,0.3396
pylint-dev__pylint-6386,pylint-dev/pylint,kvflow_prefix_plus_codebase_prefetch,1111.12,10596,170,,,2,2,0,0,0,0,0,0,0,0,0,0,0,1068208653.04,False,0.0
pylint-dev__pylint-6386,pylint-dev/pylint,kvcomm_lossy_plus_codebase_prefetch,1091.74,10594,170,exact_code_content_signature,72aefafce915accae645d73a65d79d75,2,2,0,0,0,0,0,0,9831,9831,0,0,0,1068209838.56,False,0.0
pylint-dev__pylint-6528,pylint-dev/pylint,baseline_prefix_cache_only,2266.53,12421,495,,,0,0,0,0,0,0,0,0,0,0,0,0,0,1068214346.99,True,1.0
pylint-dev__pylint-6528,pylint-dev/pylint,kvflow_prefix_only,2304.66,12421,501,,,0,0,0,0,0,0,0,0,0,0,0,0,0,1068216613.63,False,0.9589
pylint-dev__pylint-6528,pylint-dev/pylint,kvflow_prefix_plus_codebase_prefetch,2098.58,12424,441,,,2,2,0,0,0,0,0,0,0,0,0,0,0,1068218918.73,False,0.8493
pylint-dev__pylint-6528,pylint-dev/pylint,kvcomm_lossy_plus_codebase_prefetch,2102.86,12422,441,exact_code_content_signature,08348f2eccec9a772421ac7022e945e9,2,2,0,0,0,0,0,0,10020,10020,0,0,0,1068221099.23,False,0.8493
pylint-dev__pylint-6903,pylint-dev/pylint,baseline_prefix_cache_only,1022.35,11862,176,,,0,0,0,0,0,0,0,0,0,0,0,0,0,1068226529.36,True,1.0
pylint-dev__pylint-6903,pylint-dev/pylint,kvflow_prefix_only,1025.78,11862,176,,,0,0,0,0,0,0,0,0,0,0,0,0,0,1068227551.82,True,1.0
pylint-dev__pylint-6903,pylint-dev/pylint,kvflow_prefix_plus_codebase_prefetch,1026.4,11865,176,,,2,2,0,0,0,0,0,0,0,0,0,0,0,1068228578.04,True,1.0
pylint-dev__pylint-6903,pylint-dev/pylint,kvcomm_lossy_plus_codebase_prefetch,1015.69,11863,176,exact_code_content_signature,08348f2eccec9a772421ac7022e945e9,2,2,0,0,0,0,0,0,10022,10022,0,0,0,1068229678.68,True,1.0
pylint-dev__pylint-7080,pylint-dev/pylint,baseline_prefix_cache_only,619.19,18382,98,,,0,0,0,0,0,0,0,0,0,0,0,0,0,1068234851.12,True,1.0
pylint-dev__pylint-7080,pylint-dev/pylint,kvflow_prefix_only,616.52,18382,98,,,0,0,0,0,0,0,0,0,0,0,0,0,0,1068235470.43,True,1.0
pylint-dev__pylint-7080,pylint-dev/pylint,kvflow_prefix_plus_codebase_prefetch,601.88,18385,98,,,2,2,0,0,0,0,0,0,0,0,0,0,0,1068236087.4,True,1.0
pylint-dev__pylint-7080,pylint-dev/pylint,kvcomm_lossy_plus_codebase_prefetch,698.59,18383,113,exact_code_content_signature,085030266b0e5ae06f3100f04ae760a0,2,2,0,0,0,0,0,0,10033,10033,0,0,0,1068236779.19,False,0.0
pylint-dev__pylint-7277,pylint-dev/pylint,baseline_prefix_cache_only,941.4,10935,157,,,0,0,0,0,0,0,0,0,0,0,0,0,0,1068240682.06,True,1.0
pylint-dev__pylint-7277,pylint-dev/pylint,kvflow_prefix_only,931.14,10935,157,,,0,0,0,0,0,0,0,0,0,0,0,0,0,1068241623.57,True,1.0
pylint-dev__pylint-7277,pylint-dev/pylint,kvflow_prefix_plus_codebase_prefetch,1571.63,10938,254,,,2,2,0,0,0,0,0,0,0,0,0,0,0,1068242555.14,False,0.0541
pylint-dev__pylint-7277,pylint-dev/pylint,kvcomm_lossy_plus_codebase_prefetch,1564.82,10936,254,exact_code_content_signature,37df9b1b1ca50aecb2e9eeaae0a36d65,2,2,0,0,0,0,0,0,10056,10056,0,0,0,1068244209.97,False,0.0541
pylint-dev__pylint-8898,pylint-dev/pylint,baseline_prefix_cache_only,1006.57,11924,183,,,0,0,0,0,0,0,0,0,0,0,0,0,0,1068249005.63,True,1.0
pylint-dev__pylint-8898,pylint-dev/pylint,kvflow_prefix_only,1021.89,11924,183,,,0,0,0,0,0,0,0,0,0,0,0,0,0,1068250012.31,True,1.0
pylint-dev__pylint-8898,pylint-dev/pylint,kvflow_prefix_plus_codebase_prefetch,1012.19,11927,183,,,2,2,0,0,0,0,0,0,0,0,0,0,0,1068251034.64,True,1.0
pylint-dev__pylint-8898,pylint-dev/pylint,kvcomm_lossy_plus_codebase_prefetch,1012.86,11925,179,exact_code_content_signature,3e85bcc6844186ba68763ab5212660fe,2,2,0,0,0,0,0,0,9966,9966,0,0,0,1068252117.45,False,0.9375
pytest-dev__pytest-10051,pytest-dev/pytest,baseline_prefix_cache_only,931.32,11091,165,,,0,0,0,0,0,0,0,0,0,0,0,0,0,1068256292.23,True,1.0
pytest-dev__pytest-10051,pytest-dev/pytest,kvflow_prefix_only,932.94,11091,165,,,0,0,0,0,0,0,0,0,0,0,0,0,0,1068257223.67,True,1.0
pytest-dev__pytest-10051,pytest-dev/pytest,kvflow_prefix_plus_codebase_prefetch,932.62,11094,165,,,2,2,0,0,0,0,0,0,0,0,0,0,0,1068258157.06,True,1.0
pytest-dev__pytest-10051,pytest-dev/pytest,kvcomm_lossy_plus_codebase_prefetch,939.7,11092,165,exact_code_content_signature,655256c9a59019f7c176490a9728d487,2,2,0,0,0,0,0,0,9926,9926,0,0,0,1068259152.52,True,1.0
pytest-dev__pytest-10081,pytest-dev/pytest,baseline_prefix_cache_only,1129.87,11695,215,,,0,0,0,0,0,0,0,0,0,0,0,0,0,1068263331.4,True,1.0
pytest-dev__pytest-10081,pytest-dev/pytest,kvflow_prefix_only,1131.87,11695,215,,,0,0,0,0,0,0,0,0,0,0,0,0,0,1068264461.4,True,1.0
pytest-dev__pytest-10081,pytest-dev/pytest,kvflow_prefix_plus_codebase_prefetch,1129.44,11698,215,,,2,2,0,0,0,0,0,0,0,0,0,0,0,1068265593.72,True,1.0
pytest-dev__pytest-10081,pytest-dev/pytest,kvcomm_lossy_plus_codebase_prefetch,1139.26,11696,215,exact_code_content_signature,655256c9a59019f7c176490a9728d487,2,2,0,0,0,0,0,0,9926,9926,0,0,0,1068266788.83,True,1.0
pytest-dev__pytest-10356,pytest-dev/pytest,baseline_prefix_cache_only,1594.69,11721,331,,,0,0,0,0,0,0,0,0,0,0,0,0,0,1068271171.36,True,1.0
pytest-dev__pytest-10356,pytest-dev/pytest,kvflow_prefix_only,1600.41,11721,331,,,0,0,0,0,0,0,0,0,0,0,0,0,0,1068272766.17,True,1.0
pytest-dev__pytest-10356,pytest-dev/pytest,kvflow_prefix_plus_codebase_prefetch,1667.61,11724,347,,,2,2,0,0,0,0,0,0,0,0,0,0,0,1068274367.04,False,0.9836
pytest-dev__pytest-10356,pytest-dev/pytest,kvcomm_lossy_plus_codebase_prefetch,1674.75,11722,347,exact_code_content_signature,655256c9a59019f7c176490a9728d487,2,2,0,0,0,0,0,0,9926,9926,0,0,0,1068276101.12,False,0.9836
pytest-dev__pytest-5262,pytest-dev/pytest,baseline_prefix_cache_only,875.89,11631,151,,,0,0,0,0,0,0,0,0,0,0,0,0,0,1068281032.48,True,1.0
pytest-dev__pytest-5262,pytest-dev/pytest,kvflow_prefix_only,885.73,11631,151,,,0,0,0,0,0,0,0,0,0,0,0,0,0,1068281908.49,True,1.0
pytest-dev__pytest-5262,pytest-dev/pytest,kvflow_prefix_plus_codebase_prefetch,957.25,11634,161,,,2,2,0,0,0,0,0,0,0,0,0,0,0,1068282794.67,False,0.9032
pytest-dev__pytest-5262,pytest-dev/pytest,kvcomm_lossy_plus_codebase_prefetch,945.72,11632,161,exact_code_content_signature,32e62493911d7544,2,2,0,0,0,0,0,0,9958,9958,0,0,0,1068283840.79,False,0.9032
pytest-dev__pytest-5631,pytest-dev/pytest,baseline_prefix_cache_only,1126.41,11267,186,,,0,0,0,0,0,0,0,0,0,0,0,0,0,1068287988.06,True,1.0
pytest-dev__pytest-5631,pytest-dev/pytest,kvflow_prefix_only,1125.32,11267,186,,,0,0,0,0,0,0,0,0,0,0,0,0,0,1068289114.59,True,1.0
pytest-dev__pytest-5631,pytest-dev/pytest,kvflow_prefix_plus_codebase_prefetch,1139.36,11270,186,,,2,2,0,0,0,0,0,0,0,0,0,0,0,1068290240.38,True,1.0
pytest-dev__pytest-5631,pytest-dev/pytest,kvcomm_lossy_plus_codebase_prefetch,1132.17,11268,186,exact_code_content_signature,4e8faa9de3ce7f0b696fc8a0961236e2,2,2,0,0,0,0,0,0,9912,9912,0,0,0,1068291448.56,True,1.0
pytest-dev__pytest-5787,pytest-dev/pytest,baseline_prefix_cache_only,1187.06,12939,236,,,0,0,0,0,0,0,0,0,0,0,0,0,0,1068295992.42,True,1.0
pytest-dev__pytest-5787,pytest-dev/pytest,kvflow_prefix_only,1187.33,12939,236,,,0,0,0,0,0,0,0,0,0,0,0,0,0,1068297179.63,True,1.0
pytest-dev__pytest-5787,pytest-dev/pytest,kvflow_prefix_plus_codebase_prefetch,2302.5,12942,489,,,2,2,0,0,0,0,0,0,0,0,0,0,0,1068298367.44,False,0.3871
pytest-dev__pytest-5787,pytest-dev/pytest,kvcomm_lossy_plus_codebase_prefetch,2315.26,12940,424,exact_code_content_signature,0fda6049e59277f6d583d59f83206dcc,2,2,0,0,0,0,0,0,9943,9943,0,0,0,1068300735.68,False,0.339
pytest-dev__pytest-5809,pytest-dev/pytest,baseline_prefix_cache_only,826.92,10734,153,,,0,0,0,0,0,0,0,0,0,0,0,0,0,1068306153.05,True,1.0
pytest-dev__pytest-5809,pytest-dev/pytest,kvflow_prefix_only,837.17,10734,153,,,0,0,0,0,0,0,0,0,0,0,0,0,0,1068306980.11,True,1.0
pytest-dev__pytest-5809,pytest-dev/pytest,kvflow_prefix_plus_codebase_prefetch,828.04,10737,153,,,2,2,0,0,0,0,0,0,0,0,0,0,0,1068307817.73,True,1.0
pytest-dev__pytest-5809,pytest-dev/pytest,kvcomm_lossy_plus_codebase_prefetch,813.7,10735,153,exact_code_content_signature,2bfadf6f7473b2f6,2,2,0,0,0,0,0,0,9941,9941,0,0,0,1068308730.43,True,1.0
pytest-dev__pytest-5840,pytest-dev/pytest,baseline_prefix_cache_only,911.74,11421,159,,,0,0,0,0,0,0,0,0,0,0,0,0,0,1068312746.92,True,1.0
pytest-dev__pytest-5840,pytest-dev/pytest,kvflow_prefix_only,1012.27,11421,201,,,0,0,0,0,0,0,0,0,0,0,0,0,0,1068313658.78,False,0.8667
pytest-dev__pytest-5840,pytest-dev/pytest,kvflow_prefix_plus_codebase_prefetch,890.22,11424,159,,,2,2,0,0,0,0,0,0,0,0,0,0,0,1068314671.5,True,1.0
pytest-dev__pytest-5840,pytest-dev/pytest,kvcomm_lossy_plus_codebase_prefetch,890.59,11422,159,exact_code_content_signature,89fbf298c4f8a5ef,2,2,0,0,0,0,0,0,9939,9939,0,0,0,1068315627.28,True,1.0
pytest-dev__pytest-6197,pytest-dev/pytest,baseline_prefix_cache_only,1283.44,11677,216,,,0,0,0,0,0,0,0,0,0,0,0,0,0,1068319767.7,True,1.0
pytest-dev__pytest-6197,pytest-dev/pytest,kvflow_prefix_only,960.17,11677,211,,,0,0,0,0,0,0,0,0,0,0,0,0,0,1068321051.26,False,0.0
pytest-dev__pytest-6197,pytest-dev/pytest,kvflow_prefix_plus_codebase_prefetch,1176.56,11680,271,,,2,2,0,0,0,0,0,0,0,0,0,0,0,1068322011.9,False,0.0
pytest-dev__pytest-6197,pytest-dev/pytest,kvcomm_lossy_plus_codebase_prefetch,1169.34,11678,241,exact_code_content_signature,8034ea7429cc6448,2,2,0,0,0,0,0,0,9925,9925,0,0,0,1068323255.99,False,0.0
pytest-dev__pytest-6202,pytest-dev/pytest,baseline_prefix_cache_only,979.6,11404,165,,,0,0,0,0,0,0,0,0,0,0,0,0,0,1068327617.23,True,1.0
pytest-dev__pytest-6202,pytest-dev/pytest,kvflow_prefix_only,982.12,11404,165,,,0,0,0,0,0,0,0,0,0,0,0,0,0,1068328596.96,True,1.0
pytest-dev__pytest-6202,pytest-dev/pytest,kvflow_prefix_plus_codebase_prefetch,980.07,11407,165,,,2,2,0,0,0,0,0,0,0,0,0,0,0,1068329579.53,True,1.0
pytest-dev__pytest-6202,pytest-dev/pytest,kvcomm_lossy_plus_codebase_prefetch,958.78,11405,165,exact_code_content_signature,8034ea7429cc6448,2,2,0,0,0,0,0,0,9925,9925,0,0,0,1068330638.28,True,1.0
pytest-dev__pytest-7205,pytest-dev/pytest,baseline_prefix_cache_only,1271.32,12275,263,,,0,0,0,0,0,0,0,0,0,0,0,0,0,1068334932.67,True,1.0
pytest-dev__pytest-7205,pytest-dev/pytest,kvflow_prefix_only,1266.53,12275,263,,,0,0,0,0,0,0,0,0,0,0,0,0,0,1068336204.13,True,1.0
pytest-dev__pytest-7205,pytest-dev/pytest,kvflow_prefix_plus_codebase_prefetch,1498.94,12278,271,,,2,2,0,0,0,0,0,0,0,0,0,0,0,1068337471.12,False,0.7647
pytest-dev__pytest-7205,pytest-dev/pytest,kvcomm_lossy_plus_codebase_prefetch,1504.75,12276,271,exact_code_content_signature,41a652bcb4c7fcaf311738b1767ddabe,2,2,0,0,0,0,0,0,10037,10037,0,0,0,1068339045.52,False,0.7647
pytest-dev__pytest-7236,pytest-dev/pytest,baseline_prefix_cache_only,1188.81,11417,226,,,0,0,0,0,0,0,0,0,0,0,0,0,0,1068343777.7,True,1.0
pytest-dev__pytest-7236,pytest-dev/pytest,kvflow_prefix_only,1136.45,11417,206,,,0,0,0,0,0,0,0,0,0,0,0,0,0,1068344966.64,False,0.9302
pytest-dev__pytest-7236,pytest-dev/pytest,kvflow_prefix_plus_codebase_prefetch,1191.62,11420,226,,,2,2,0,0,0,0,0,0,0,0,0,0,0,1068346103.55,True,1.0
pytest-dev__pytest-7236,pytest-dev/pytest,kvcomm_lossy_plus_codebase_prefetch,1168.71,11418,226,exact_code_content_signature,385a989524b919334cee973c74ec93fa,2,2,0,0,0,0,0,0,10046,10046,0,0,0,1068347360.38,True,1.0
pytest-dev__pytest-7324,pytest-dev/pytest,baseline_prefix_cache_only,998.94,10665,186,,,0,0,0,0,0,0,0,0,0,0,0,0,0,1068351648.54,True,1.0
pytest-dev__pytest-7324,pytest-dev/pytest,kvflow_prefix_only,1008.87,10665,186,,,0,0,0,0,0,0,0,0,0,0,0,0,0,1068352647.6,True,1.0
pytest-dev__pytest-7324,pytest-dev/pytest,kvflow_prefix_plus_codebase_prefetch,1013.02,10668,186,,,2,2,0,0,0,0,0,0,0,0,0,0,0,1068353656.92,True,1.0
pytest-dev__pytest-7324,pytest-dev/pytest,kvcomm_lossy_plus_codebase_prefetch,989.71,10666,186,exact_code_content_signature,3a0ca999649558cc,2,2,0,0,0,0,0,0,10054,10054,0,0,0,1068354759.9,True,1.0
pytest-dev__pytest-7432,pytest-dev/pytest,baseline_prefix_cache_only,2288.0,10906,527,,,0,0,0,0,0,0,0,0,0,0,0,0,0,1068358900.45,True,1.0
pytest-dev__pytest-7432,pytest-dev/pytest,kvflow_prefix_only,2096.61,10906,467,,,0,0,0,0,0,0,0,0,0,0,0,0,0,1068361188.57,False,0.7429
pytest-dev__pytest-7432,pytest-dev/pytest,kvflow_prefix_plus_codebase_prefetch,2098.46,10909,467,,,2,2,0,0,0,0,0,0,0,0,0,0,0,1068363285.63,False,0.7429
pytest-dev__pytest-7432,pytest-dev/pytest,kvcomm_lossy_plus_codebase_prefetch,2101.18,10907,467,exact_code_content_signature,3a0ca999649558cc,2,2,0,0,0,0,0,0,10054,10054,0,0,0,1068365453.9,False,0.7429
pytest-dev__pytest-7490,pytest-dev/pytest,baseline_prefix_cache_only,625.22,15104,124,,,0,0,0,0,0,0,0,0,0,0,0,0,0,1068371200.91,True,1.0
pytest-dev__pytest-7490,pytest-dev/pytest,kvflow_prefix_only,2326.64,15104,611,,,0,0,0,0,0,0,0,0,0,0,0,0,0,1068371826.26,False,0.0
pytest-dev__pytest-7490,pytest-dev/pytest,kvflow_prefix_plus_codebase_prefetch,997.45,15107,196,,,2,2,0,0,0,0,0,0,0,0,0,0,0,1068374153.38,False,0.0
pytest-dev__pytest-7490,pytest-dev/pytest,kvcomm_lossy_plus_codebase_prefetch,964.0,15105,194,exact_code_content_signature,0016b83efa5048a7,2,2,0,0,0,0,0,0,10057,10057,0,0,0,1068375235.1,False,0.0
scikit-learn__scikit-learn-10297,scikit-learn/scikit-learn,baseline_prefix_cache_only,2290.4,12062,399,,,0,0,0,0,0,0,0,0,0,0,0,0,0,1068379506.43,True,1.0
scikit-learn__scikit-learn-10297,scikit-learn/scikit-learn,kvflow_prefix_only,1929.14,12062,381,,,0,0,0,0,0,0,0,0,0,0,0,0,0,1068381796.94,False,0.0
scikit-learn__scikit-learn-10297,scikit-learn/scikit-learn,kvflow_prefix_plus_codebase_prefetch,1934.47,12065,381,,,2,2,0,0,0,0,0,0,0,0,0,0,0,1068383726.52,False,0.0
scikit-learn__scikit-learn-10297,scikit-learn/scikit-learn,kvcomm_lossy_plus_codebase_prefetch,1920.52,12063,381,exact_code_content_signature,0fb4fec435b4a08afe4e032db0b8e1d8,2,2,0,0,0,0,0,0,10552,10552,0,0,0,1068385736.45,False,0.0
scikit-learn__scikit-learn-10844,scikit-learn/scikit-learn,baseline_prefix_cache_only,1269.52,11909,188,,,0,0,0,0,0,0,0,0,0,0,0,0,0,1068391009.15,True,1.0
scikit-learn__scikit-learn-10844,scikit-learn/scikit-learn,kvflow_prefix_only,1266.56,11909,188,,,0,0,0,0,0,0,0,0,0,0,0,0,0,1068392278.77,True,1.0
scikit-learn__scikit-learn-10844,scikit-learn/scikit-learn,kvflow_prefix_plus_codebase_prefetch,1633.31,11912,249,,,2,2,0,0,0,0,0,0,0,0,0,0,0,1068393545.76,False,0.6129
scikit-learn__scikit-learn-10844,scikit-learn/scikit-learn,kvcomm_lossy_plus_codebase_prefetch,1621.97,11910,249,exact_code_content_signature,98802a5be776fd9c,2,2,0,0,0,0,0,0,10555,10555,0,0,0,1068395264.46,False,0.6129
scikit-learn__scikit-learn-10908,scikit-learn/scikit-learn,baseline_prefix_cache_only,1093.58,11832,250,,,0,0,0,0,0,0,0,0,0,0,0,0,0,1068400209.64,True,1.0
scikit-learn__scikit-learn-10908,scikit-learn/scikit-learn,kvflow_prefix_only,1106.91,11832,250,,,0,0,0,0,0,0,0,0,0,0,0,0,0,1068401303.32,True,1.0
scikit-learn__scikit-learn-10908,scikit-learn/scikit-learn,kvflow_prefix_plus_codebase_prefetch,1176.95,11835,216,,,2,2,0,0,0,0,0,0,0,0,0,0,0,1068402410.53,False,0.1765
scikit-learn__scikit-learn-10908,scikit-learn/scikit-learn,kvcomm_lossy_plus_codebase_prefetch,1084.09,11833,250,exact_code_content_signature,2a5b3517e62e7b3d,2,2,0,0,0,0,0,0,10545,10545,0,0,0,1068403670.95,True,1.0
scikit-learn__scikit-learn-11310,scikit-learn/scikit-learn,baseline_prefix_cache_only,1197.06,11421,224,,,0,0,0,0,0,0,0,0,0,0,0,0,0,1068408147.92,True,1.0
scikit-learn__scikit-learn-11310,scikit-learn/scikit-learn,kvflow_prefix_only,790.92,11421,140,,,0,0,0,0,0,0,0,0,0,0,0,0,0,1068409345.09,False,0.2222
scikit-learn__scikit-learn-11310,scikit-learn/scikit-learn,kvflow_prefix_plus_codebase_prefetch,1071.79,11424,204,,,2,2,0,0,0,0,0,0,0,0,0,0,0,1068410136.45,False,0.1429
scikit-learn__scikit-learn-11310,scikit-learn/scikit-learn,kvcomm_lossy_plus_codebase_prefetch,992.68,11422,192,exact_code_content_signature,3dbeb0f69623d2ee,2,2,0,0,0,0,0,0,10556,10556,0,0,0,1068411289.31,False,0.1538
